ID	Document
D1	texte index precision moteur document rappel systeme
D2	terme precision requete recherche utilisateur collection moteur classement texte systeme inverse
D3	resultat rappel classement collection terme requete texte
D4	resultat terme index inverse texte pertinent web classement rappel recherche indexation
D5	texte systeme moteur classement information document requete utilisateur indexation precision inverse terme
D6	recherche moteur web algorithme document inverse texte precision indexation utilisateur index information
D7	rappel texte terme classement information utilisateur precision pertinent systeme collection
D8	inverse document web pertinent precision systeme algorithme collection moteur
D9	information terme systeme utilisateur collection
D10	web moteur inverse precision systeme utilisateur terme texte document collection
D11	document texte inverse classement moteur pertinent rappel
D12	resultat requete recherche systeme utilisateur terme algorithme document information
D13	collection algorithme utilisateur web requete inverse precision moteur pertinent index resultat information
D14	texte algorithme collection utilisateur precision recherche web terme
D15	requete recherche information classement utilisateur texte resultat pertinent precision indexation web
D16	systeme requete moteur pertinent information rappel texte inverse
D17	algorithme collection moteur document utilisateur
D18	web indexation index moteur collection requete resultat precision document texte
D19	utilisateur terme pertinent resultat document classement texte rappel algorithme collection index requete
D20	document texte recherche requete pertinent inverse indexation terme collection algorithme
D21	algorithme texte collection pertinent inverse classement recherche utilisateur requete
D22	systeme inverse document resultat utilisateur terme index information rappel recherche
D23	utilisateur classement pertinent rappel inverse
D24	texte resultat collection web moteur algorithme index
D25	classement web requete information collection pertinent
D26	resultat inverse collection pertinent rappel requete terme indexation recherche index moteur precision
D27	resultat document index recherche information texte
D28	inverse moteur index document rappel utilisateur pertinent web indexation precision
D29	requete moteur algorithme systeme indexation
D30	recherche moteur systeme collection inverse utilisateur
D31	recherche indexation requete information moteur collection index rappel precision resultat
D32	resultat collection precision pertinent systeme requete rappel utilisateur recherche terme classement moteur
D33	recherche information classement texte web terme algorithme inverse collection precision rappel utilisateur
D34	systeme moteur document algorithme requete utilisateur terme resultat classement indexation
D35	systeme precision utilisateur resultat web information texte collection algorithme terme requete
D36	web resultat inverse systeme terme precision rappel index
D37	pertinent terme web algorithme requete indexation document precision inverse information texte
D38	document web pertinent collection moteur requete
D39	algorithme rappel systeme terme pertinent
D40	collection web information utilisateur precision indexation rappel classement requete pertinent document
D41	inverse pertinent collection rappel algorithme texte moteur utilisateur classement index requete resultat
D42	systeme requete recherche indexation algorithme
D43	terme collection recherche indexation moteur utilisateur systeme index information
D44	recherche document precision index texte rappel inverse
D45	indexation collection utilisateur terme document resultat recherche classement texte rappel
D46	document requete resultat web classement
D47	web requete index precision pertinent indexation rappel information moteur terme utilisateur inverse
D48	information inverse texte systeme recherche pertinent moteur resultat document
D49	utilisateur terme pertinent recherche classement collection index document texte
D50	rappel inverse precision collection document index web systeme recherche resultat texte
D51	document terme web texte rappel moteur information index recherche indexation systeme inverse
D52	document web pertinent inverse algorithme utilisateur index requete information classement
D53	terme inverse systeme indexation document requete rappel information resultat
D54	collection systeme moteur inverse pertinent document rappel classement
D55	systeme moteur document indexation classement inverse texte
D56	algorithme terme systeme moteur resultat information inverse web rappel precision collection recherche
D57	precision document utilisateur resultat systeme recherche classement indexation moteur information
D58	systeme precision texte resultat information inverse
D59	terme classement precision moteur information inverse algorithme texte
D60	document precision indexation information inverse collection classement web requete resultat
D61	collection systeme utilisateur texte web precision indexation
D62	terme document systeme pertinent texte
D63	requete moteur terme document algorithme resultat indexation classement rappel
D64	moteur document utilisateur texte terme web algorithme classement collection precision requete
D65	web precision collection recherche rappel moteur
D66	index terme classement systeme inverse document resultat
D67	utilisateur pertinent precision rappel information terme
D68	systeme moteur texte algorithme indexation document web collection utilisateur resultat
D69	information web collection inverse resultat utilisateur moteur texte rappel precision pertinent requete
D70	utilisateur classement index collection resultat inverse texte moteur
D71	precision systeme web indexation index texte utilisateur document moteur recherche inverse
D72	rappel pertinent precision algorithme utilisateur information texte document moteur inverse
D73	web document inverse resultat collection precision recherche
D74	information texte precision collection inverse index systeme indexation pertinent recherche algorithme
D75	terme moteur algorithme information utilisateur resultat
D76	moteur classement resultat recherche document precision systeme pertinent algorithme requete utilisateur terme
D77	pertinent utilisateur inverse algorithme systeme recherche classement index terme precision rappel
D78	pertinent classement rappel recherche inverse collection
D79	utilisateur web recherche collection inverse systeme index
D80	document precision collection systeme recherche index web
D81	information texte collection requete recherche indexation algorithme systeme resultat pertinent web rappel
D82	information collection rappel terme indexation web texte
D83	classement indexation moteur document resultat recherche rappel pertinent systeme texte collection algorithme
D84	precision texte rappel classement requete recherche algorithme terme pertinent
D85	collection information terme requete pertinent texte indexation index resultat
D86	texte terme indexation classement precision rappel systeme requete moteur information index algorithme
D87	systeme indexation rappel utilisateur terme information resultat algorithme classement moteur collection
D88	systeme web indexation resultat collection inverse recherche classement rappel utilisateur index moteur
D89	document texte collection precision indexation
D90	moteur resultat information systeme document
D91	collection systeme texte information moteur terme inverse indexation
D92	resultat document moteur precision collection index indexation terme rappel pertinent
D93	recherche indexation classement precision texte resultat
D94	requete systeme resultat index utilisateur collection
D95	index pertinent moteur document resultat precision collection inverse information terme indexation utilisateur
D96	rappel systeme utilisateur algorithme indexation collection
D97	collection precision inverse pertinent index texte document
D98	classement recherche collection rappel resultat texte requete document
D99	document utilisateur texte classement web rappel
D100	algorithme document moteur terme systeme inverse resultat precision requete indexation classement
D101	moteur web precision information pertinent requete document
D102	indexation systeme terme inverse collection requete moteur information web
D103	rappel requete moteur utilisateur document algorithme terme classement
D104	indexation terme information recherche document precision algorithme
D105	index algorithme web recherche classement resultat terme requete moteur
D106	classement inverse texte utilisateur resultat information collection recherche document
D107	web classement resultat index terme utilisateur document indexation collection texte algorithme precision
D108	collection precision rappel pertinent terme algorithme inverse
D109	requete resultat inverse moteur pertinent recherche
D110	texte web inverse indexation terme resultat utilisateur collection precision
D111	indexation classement precision resultat algorithme rappel moteur inverse
D112	document texte precision resultat inverse
D113	algorithme collection information rappel utilisateur inverse classement terme
D114	utilisateur rappel recherche pertinent web document moteur collection indexation index texte algorithme
D115	information algorithme rappel index collection requete moteur systeme precision resultat inverse
D116	systeme pertinent moteur algorithme texte indexation classement resultat requete
D117	moteur index precision texte information recherche resultat document collection indexation
D118	precision resultat moteur systeme rappel indexation utilisateur algorithme document index web classement
D119	precision systeme rappel classement utilisateur inverse web recherche indexation collection
D120	web algorithme utilisateur recherche classement moteur
D121	information algorithme classement indexation texte document web terme
D122	information algorithme pertinent index recherche inverse indexation precision
D123	web index systeme precision classement rappel resultat
D124	moteur precision index terme classement
D125	terme indexation resultat systeme collection precision texte classement rappel web moteur
D126	index inverse requete utilisateur algorithme moteur texte resultat collection pertinent classement indexation
D127	collection rappel requete utilisateur pertinent precision terme algorithme index systeme indexation document
D128	information utilisateur document collection resultat terme moteur precision inverse
D129	index rappel requete algorithme moteur information utilisateur collection
D130	inverse information precision systeme rappel recherche algorithme index
D131	classement pertinent moteur recherche indexation index terme inverse texte web
D132	utilisateur terme systeme information document algorithme rappel pertinent
D133	indexation web systeme information texte
D134	indexation utilisateur information recherche algorithme classement resultat rappel systeme moteur inverse requete
D135	moteur precision resultat requete index texte information indexation document inverse systeme collection
D136	terme utilisateur index indexation texte
D137	precision terme document texte pertinent rappel resultat inverse indexation classement recherche
D138	texte inverse resultat requete terme moteur utilisateur collection web
D139	requete collection inverse information pertinent
D140	utilisateur indexation texte precision systeme collection information terme moteur algorithme classement pertinent
D141	moteur classement systeme resultat collection index algorithme requete
D142	rappel index inverse document resultat requete collection indexation information utilisateur web recherche
D143	algorithme rappel moteur indexation terme web requete inverse
D144	index algorithme classement document resultat texte
D145	resultat moteur precision web systeme
D146	rappel resultat utilisateur recherche texte
D147	recherche index document information web indexation collection precision requete
D148	document classement information utilisateur web
D149	moteur web collection texte resultat algorithme index
D150	document rappel moteur collection pertinent systeme requete index web resultat classement
D151	recherche utilisateur resultat web texte
D152	inverse resultat collection moteur requete pertinent rappel texte
D153	information web recherche inverse index systeme
D154	systeme information resultat algorithme inverse collection
D155	texte resultat inverse index information
D156	precision utilisateur inverse terme systeme pertinent moteur
D157	precision inverse web utilisateur requete recherche classement
D158	web rappel classement information collection terme resultat
D159	precision terme web rappel moteur classement index document requete inverse pertinent
D160	utilisateur moteur resultat information web index requete classement
D161	texte inverse requete index terme classement information
D162	collection document rappel index information moteur precision terme utilisateur systeme recherche classement
D163	algorithme rappel index classement systeme web indexation moteur
D164	index systeme pertinent classement inverse
D165	texte inverse rappel terme utilisateur index algorithme requete
D166	utilisateur requete collection precision classement inverse information texte rappel resultat
D167	index collection terme web information utilisateur precision pertinent algorithme document
D168	requete rappel web utilisateur moteur
D169	terme inverse texte algorithme classement requete systeme web
D170	requete classement algorithme resultat indexation collection texte rappel document precision
D171	indexation rappel information precision algorithme web resultat classement terme recherche collection index
D172	inverse document moteur recherche index requete systeme
D173	information classement algorithme recherche precision requete resultat index rappel collection
D174	rappel utilisateur recherche precision web texte document information resultat
D175	inverse index precision requete collection moteur texte
D176	document collection texte resultat inverse algorithme pertinent moteur terme information recherche
D177	texte systeme algorithme classement information terme
D178	indexation document classement web terme
D179	precision information inverse index classement moteur
D180	document requete rappel information indexation
D181	recherche index moteur texte document rappel classement utilisateur pertinent precision
D182	rappel terme texte moteur document requete collection indexation recherche information index
D183	document terme texte algorithme recherche precision moteur rappel
D184	classement inverse collection texte web document terme utilisateur systeme index information moteur
D185	document systeme requete moteur texte collection classement terme
D186	texte terme collection pertinent document recherche moteur
D187	collection requete pertinent moteur document classement index inverse algorithme systeme terme web
D188	recherche document collection algorithme terme web
D189	recherche utilisateur web texte document collection requete pertinent algorithme rappel classement
D190	indexation moteur requete utilisateur rappel inverse document information web index algorithme
D191	utilisateur classement document collection requete pertinent precision terme inverse systeme texte
D192	resultat pertinent moteur utilisateur recherche index indexation precision
D193	terme resultat systeme web moteur classement indexation utilisateur collection pertinent inverse
D194	indexation texte terme utilisateur classement precision algorithme pertinent systeme index
D195	texte collection pertinent index indexation terme systeme requete recherche
D196	index resultat utilisateur document web terme inverse precision algorithme moteur pertinent collection
D197	web texte document resultat classement utilisateur index
D198	rappel information collection document pertinent texte classement terme resultat indexation precision
D199	algorithme texte terme web pertinent
D200	pertinent requete inverse precision rappel
D201	collection texte resultat precision moteur indexation recherche inverse information classement index systeme
D202	moteur collection utilisateur terme resultat texte
D203	precision classement collection algorithme pertinent inverse rappel web
D204	terme document utilisateur information pertinent recherche web indexation systeme precision algorithme classement
D205	rappel indexation terme web resultat pertinent texte
D206	indexation systeme web texte recherche collection utilisateur pertinent inverse rappel index
D207	recherche index algorithme requete document utilisateur information texte precision classement indexation
D208	index resultat pertinent requete classement precision terme indexation utilisateur systeme
D209	algorithme pertinent collection rappel resultat utilisateur document terme precision moteur classement
D210	moteur terme pertinent inverse utilisateur information
D211	collection moteur precision texte web utilisateur document
D212	web indexation classement algorithme precision inverse moteur document texte rappel resultat
D213	collection recherche classement moteur index
D214	rappel precision classement web systeme index collection inverse texte document information
D215	inverse utilisateur information requete systeme
D216	indexation resultat classement precision pertinent utilisateur information moteur requete
D217	rappel information resultat index web algorithme collection terme pertinent moteur
D218	resultat requete collection document systeme
D219	inverse index collection web indexation utilisateur
D220	index systeme information collection requete utilisateur classement
D221	terme utilisateur algorithme requete pertinent document texte
D222	information requete moteur rappel inverse document collection indexation pertinent terme index
D223	moteur algorithme requete web texte inverse information terme precision index rappel systeme
D224	resultat classement terme recherche document collection inverse rappel texte indexation
D225	rappel texte index web systeme inverse
D226	terme utilisateur systeme moteur classement texte indexation rappel recherche
D227	pertinent resultat recherche systeme indexation
D228	resultat recherche web index moteur systeme terme classement document texte information indexation
D229	document collection indexation information texte terme moteur algorithme classement
D230	web document pertinent recherche index inverse information algorithme
D231	precision resultat recherche rappel terme web information index
D232	classement document inverse texte algorithme collection precision
D233	pertinent terme collection utilisateur moteur index
D234	moteur document precision recherche indexation inverse classement
D235	moteur web resultat index document rappel information classement
D236	algorithme texte collection web terme systeme
D237	inverse requete document systeme utilisateur texte collection
D238	utilisateur index precision rappel algorithme
D239	utilisateur information inverse classement texte algorithme pertinent rappel terme systeme resultat
D240	collection terme moteur texte web
D241	rappel indexation classement document recherche utilisateur information systeme moteur pertinent
D242	information texte precision utilisateur web
D243	texte document rappel moteur requete information precision resultat classement pertinent algorithme
D244	texte algorithme document utilisateur web collection classement pertinent recherche systeme
D245	web pertinent resultat information utilisateur terme
D246	pertinent recherche moteur algorithme indexation inverse classement
D247	indexation collection moteur requete pertinent texte recherche systeme index
D248	precision document requete algorithme classement inverse rappel indexation recherche
D249	algorithme indexation collection systeme requete texte information utilisateur terme web pertinent classement
D250	information recherche inverse systeme classement
D251	texte moteur indexation information web pertinent rappel resultat index classement
D252	document algorithme collection pertinent information systeme precision texte requete
D253	texte document resultat utilisateur precision
D254	document rappel resultat recherche collection pertinent moteur utilisateur web texte
D255	resultat collection classement index inverse document recherche precision
D256	inverse rappel collection recherche terme
D257	texte utilisateur pertinent index inverse
D258	classement information moteur requete document recherche pertinent precision index indexation inverse
D259	algorithme pertinent precision moteur texte information
D260	web moteur inverse utilisateur requete
D261	texte terme algorithme resultat requete pertinent information precision document utilisateur
D262	moteur pertinent indexation resultat precision rappel
D263	pertinent rappel collection index resultat moteur inverse classement information algorithme document
D264	systeme information index terme moteur algorithme collection pertinent indexation
D265	precision information utilisateur requete indexation recherche index inverse systeme collection pertinent
D266	resultat pertinent moteur algorithme recherche classement
D267	moteur index texte collection document utilisateur resultat systeme
D268	recherche document index resultat moteur information
D269	pertinent information resultat algorithme indexation rappel utilisateur index collection texte
D270	recherche texte web indexation collection pertinent document moteur algorithme inverse rappel systeme
D271	utilisateur classement web algorithme information precision moteur index
D272	web index precision inverse recherche algorithme texte
D273	classement rappel systeme collection terme index moteur document recherche indexation
D274	recherche requete information classement collection texte utilisateur pertinent
D275	pertinent inverse algorithme requete information texte systeme
D276	collection indexation algorithme inverse terme texte systeme web rappel utilisateur recherche
D277	algorithme systeme moteur index classement requete rappel document inverse recherche
D278	information inverse algorithme recherche classement precision
D279	systeme index moteur terme indexation resultat texte classement recherche collection
D280	algorithme moteur pertinent precision collection information indexation
D281	algorithme pertinent terme utilisateur rappel document resultat collection index classement inverse
D282	indexation rappel collection inverse systeme index moteur algorithme texte web
D283	indexation recherche texte information systeme utilisateur classement
D284	algorithme pertinent classement moteur terme collection information systeme
D285	terme indexation document systeme resultat recherche moteur pertinent texte information
D286	requete pertinent recherche information texte inverse collection index document classement
D287	texte collection rappel systeme pertinent web inverse precision utilisateur terme classement document
D288	document information utilisateur recherche terme moteur algorithme web indexation systeme index classement
D289	rappel document terme classement recherche index
D290	systeme web indexation information pertinent rappel classement
D291	web rappel algorithme requete utilisateur moteur pertinent information
D292	texte algorithme rappel classement moteur
D293	collection recherche web document utilisateur
D294	index pertinent recherche systeme indexation terme moteur information inverse texte web precision
D295	classement requete document texte indexation systeme index resultat rappel inverse recherche moteur
D296	resultat requete inverse algorithme information document texte collection terme classement web indexation
D297	algorithme inverse rappel information texte web requete index resultat terme systeme
D298	classement utilisateur document texte information requete algorithme resultat
D299	pertinent resultat indexation rappel index texte systeme
D300	information web document algorithme index precision terme
D301	systeme requete terme document precision index algorithme
D302	rappel terme requete precision resultat classement web recherche collection utilisateur algorithme
D303	pertinent web moteur rappel systeme resultat information utilisateur algorithme precision requete
D304	web requete texte classement precision recherche document moteur index systeme
D305	information texte terme inverse systeme collection precision moteur indexation recherche resultat
D306	utilisateur requete classement pertinent inverse document moteur collection rappel
D307	requete web document index resultat pertinent algorithme precision collection inverse
D308	information precision indexation document utilisateur collection requete index algorithme web
D309	indexation index algorithme information inverse
D310	resultat information collection index requete
D311	resultat precision texte pertinent recherche algorithme indexation inverse utilisateur rappel
D312	classement algorithme rappel collection precision document web
D313	document utilisateur recherche texte information systeme web algorithme pertinent
D314	inverse index requete web recherche precision texte resultat
D315	classement moteur indexation recherche inverse
D316	systeme utilisateur requete web texte precision indexation inverse moteur
D317	resultat utilisateur precision texte pertinent recherche requete terme
D318	rappel utilisateur algorithme pertinent classement information indexation moteur terme web
D319	requete utilisateur index moteur inverse resultat recherche texte algorithme
D320	terme moteur recherche classement utilisateur algorithme index web texte rappel precision
D321	terme inverse rappel classement collection requete moteur document
D322	utilisateur pertinent classement moteur requete collection texte
D323	terme document inverse collection rappel precision web
D324	web terme collection requete utilisateur inverse systeme information resultat
D325	algorithme systeme document classement index
D326	texte precision utilisateur web information algorithme
D327	moteur index terme web resultat document indexation
D328	document classement terme indexation rappel algorithme recherche
D329	resultat requete index indexation precision
D330	document moteur web rappel texte index inverse resultat recherche collection requete pertinent
D331	recherche terme precision index systeme algorithme classement resultat collection pertinent
D332	collection utilisateur moteur pertinent texte requete algorithme rappel
D333	document information utilisateur rappel resultat collection requete
D334	web moteur terme classement collection texte pertinent document index recherche
D335	inverse moteur index recherche indexation information classement collection
D336	texte requete rappel information precision
D337	recherche information pertinent web resultat index
D338	rappel requete classement moteur index collection
D339	utilisateur web pertinent precision requete
D340	web pertinent precision algorithme utilisateur information texte
D341	classement index algorithme requete rappel indexation
D342	utilisateur indexation information classement index collection inverse algorithme pertinent recherche terme
D343	pertinent algorithme classement moteur document texte
D344	pertinent requete inverse resultat utilisateur moteur
D345	information pertinent indexation systeme utilisateur rappel texte terme resultat index precision classement
D346	recherche moteur indexation terme collection
D347	systeme requete document collection terme rappel information index texte inverse moteur precision
D348	web indexation pertinent moteur information systeme document classement index utilisateur inverse terme
D349	systeme texte collection recherche moteur inverse resultat
D350	web resultat information document requete terme
D351	recherche precision inverse terme pertinent index algorithme collection classement rappel
D352	texte moteur rappel information recherche terme document requete inverse collection
D353	document classement terme inverse rappel moteur recherche
D354	rappel texte algorithme inverse document precision resultat systeme
D355	document classement resultat terme pertinent inverse collection precision recherche information index utilisateur
D356	rappel systeme recherche document utilisateur
D357	resultat terme collection information inverse web classement indexation
D358	collection resultat pertinent rappel inverse recherche indexation web terme moteur requete utilisateur
D359	pertinent information indexation classement moteur web collection resultat texte index
D360	requete index algorithme pertinent texte precision
D361	index terme pertinent web information resultat algorithme precision utilisateur classement inverse collection
D362	classement recherche precision information web systeme utilisateur
D363	precision indexation algorithme moteur pertinent index terme utilisateur texte rappel requete resultat
D364	systeme inverse requete texte terme moteur algorithme precision document collection index
D365	rappel terme systeme index precision pertinent utilisateur collection moteur
D366	moteur indexation precision terme pertinent texte algorithme requete inverse utilisateur
D367	rappel utilisateur web recherche pertinent precision index document resultat terme collection
D368	requete indexation utilisateur systeme moteur web recherche collection
D369	index rappel information collection resultat algorithme utilisateur terme precision
D370	rappel texte inverse precision utilisateur collection terme recherche
D371	texte web terme information recherche collection moteur pertinent utilisateur inverse systeme
D372	algorithme rappel index systeme utilisateur inverse document terme information web
D373	precision pertinent texte information web moteur requete
D374	moteur indexation requete recherche terme inverse collection document precision
D375	terme information utilisateur classement collection algorithme texte
D376	precision inverse indexation systeme document texte requete classement index web
D377	document collection inverse index terme indexation resultat moteur pertinent utilisateur requete
D378	rappel recherche pertinent collection resultat systeme terme utilisateur texte classement algorithme indexation
D379	pertinent texte requete utilisateur recherche resultat rappel algorithme indexation web terme
D380	classement information utilisateur index terme requete algorithme web document resultat systeme recherche
D381	index systeme web pertinent algorithme requete
D382	document moteur recherche resultat terme rappel information web precision systeme algorithme
D383	algorithme inverse requete web texte systeme
D384	web terme recherche texte pertinent requete rappel algorithme collection utilisateur information
D385	document collection precision pertinent utilisateur
D386	systeme document utilisateur resultat texte index web terme recherche
D387	indexation rappel inverse moteur texte classement resultat requete precision terme document collection
D388	recherche rappel algorithme moteur pertinent systeme resultat utilisateur texte index
D389	utilisateur index collection algorithme web resultat
D390	indexation systeme inverse requete index information document
D391	rappel resultat systeme document utilisateur
D392	requete pertinent index classement terme indexation
D393	inverse pertinent utilisateur document index indexation systeme
D394	terme utilisateur moteur collection systeme index document recherche indexation pertinent classement resultat
D395	collection moteur terme classement resultat inverse indexation texte algorithme
D396	rappel pertinent indexation document requete web resultat precision classement algorithme moteur information
D397	recherche precision systeme texte index resultat
D398	rappel requete systeme classement moteur
D399	texte inverse utilisateur moteur resultat requete classement information index indexation
D400	inverse indexation precision moteur resultat
D401	indexation algorithme moteur classement collection recherche pertinent
D402	inverse document requete collection systeme recherche terme pertinent rappel indexation index classement
D403	information systeme terme pertinent requete web collection moteur utilisateur classement resultat document
D404	texte collection document precision requete index pertinent classement resultat indexation terme
D405	classement recherche precision moteur resultat document pertinent information requete terme rappel web
D406	indexation systeme collection pertinent inverse index texte
D407	pertinent classement algorithme rappel index utilisateur document terme precision recherche
D408	information moteur indexation algorithme systeme resultat utilisateur document
D409	indexation requete systeme precision texte
D410	utilisateur document index resultat classement
D411	indexation inverse web moteur systeme utilisateur terme requete precision document classement algorithme
D412	inverse texte algorithme moteur pertinent recherche
D413	precision systeme web moteur pertinent document inverse utilisateur
D414	rappel precision pertinent document classement
D415	systeme rappel recherche web precision indexation classement
D416	precision web inverse classement texte
D417	algorithme systeme pertinent web moteur classement inverse texte rappel information
D418	systeme rappel web requete index recherche collection algorithme resultat
D419	precision recherche texte index terme systeme
D420	pertinent moteur web requete precision rappel classement index utilisateur indexation
D421	texte index web classement indexation precision requete rappel inverse
D422	utilisateur algorithme collection texte moteur web resultat terme information
D423	resultat indexation pertinent index texte classement algorithme systeme
D424	indexation texte recherche document moteur
D425	systeme web document rappel requete pertinent indexation information utilisateur recherche index collection
D426	systeme information indexation classement resultat recherche pertinent terme requete
D427	index information precision rappel inverse utilisateur document terme recherche
D428	inverse recherche indexation document requete texte index rappel terme web
D429	algorithme index precision recherche document resultat information requete moteur texte utilisateur
D430	collection requete inverse index resultat classement precision utilisateur recherche moteur
D431	web precision pertinent document utilisateur indexation information
D432	rappel algorithme requete resultat texte utilisateur inverse classement pertinent
D433	resultat systeme recherche classement pertinent moteur information index terme precision
D434	terme web collection precision recherche rappel algorithme moteur
D435	utilisateur document texte terme algorithme requete classement inverse
D436	collection index requete indexation algorithme inverse systeme pertinent texte web
D437	index inverse systeme algorithme collection document texte information web
D438	classement recherche rappel information systeme indexation
D439	classement algorithme requete systeme indexation texte rappel moteur index pertinent
D440	information precision web classement systeme requete indexation
D441	indexation resultat pertinent precision algorithme systeme collection recherche texte terme rappel
D442	algorithme pertinent terme collection requete document classement moteur systeme texte inverse
D443	collection indexation classement web index rappel systeme texte algorithme precision
D444	requete resultat indexation moteur inverse web information collection precision pertinent systeme
D445	texte index moteur rappel classement systeme recherche document algorithme inverse resultat
D446	classement utilisateur requete information texte precision collection document recherche pertinent
D447	classement pertinent resultat terme requete indexation rappel systeme texte
D448	collection recherche web pertinent systeme rappel terme utilisateur precision
D449	utilisateur collection terme precision classement texte algorithme
D450	document texte utilisateur resultat moteur web systeme terme indexation index rappel algorithme
D451	document indexation terme inverse rappel algorithme
D452	requete texte systeme resultat collection classement utilisateur rappel inverse
D453	indexation systeme recherche moteur inverse terme precision collection texte information pertinent
D454	texte pertinent algorithme document classement requete recherche
D455	texte precision document pertinent requete
D456	document texte utilisateur inverse precision collection moteur
D457	moteur systeme precision indexation recherche classement terme rappel texte inverse web requete
D458	rappel resultat moteur indexation algorithme terme collection classement utilisateur
D459	precision rappel utilisateur collection classement requete pertinent texte information inverse moteur
D460	web requete moteur utilisateur recherche classement algorithme texte document indexation
D461	classement rappel recherche systeme precision moteur algorithme texte index
D462	systeme inverse recherche collection index classement requete resultat texte
D463	indexation texte algorithme inverse requete information index terme
D464	precision requete utilisateur algorithme web pertinent classement information
D465	moteur utilisateur pertinent resultat precision systeme collection
D466	index terme recherche moteur information requete rappel document classement precision algorithme texte
D467	recherche inverse document moteur systeme algorithme pertinent indexation index precision resultat texte
D468	information terme document moteur systeme precision texte index classement requete inverse rappel
D469	requete texte recherche pertinent inverse index algorithme classement
D470	information index resultat pertinent algorithme inverse classement terme
D471	terme indexation information precision pertinent moteur inverse systeme resultat
D472	collection information index pertinent inverse terme rappel indexation
D473	indexation requete pertinent texte inverse
D474	information algorithme classement moteur collection
D475	inverse indexation classement document terme resultat
D476	information collection moteur pertinent rappel
D477	inverse terme rappel collection resultat precision pertinent recherche classement index indexation document
D478	information classement resultat utilisateur algorithme pertinent precision document requete
D479	terme resultat requete indexation document rappel classement inverse moteur collection
D480	resultat recherche precision texte indexation systeme algorithme utilisateur classement rappel
D481	terme document rappel texte index requete systeme inverse
D482	systeme utilisateur terme web rappel information resultat
D483	information moteur indexation systeme index precision
D484	index pertinent information texte classement requete utilisateur collection web moteur recherche indexation
D485	systeme document recherche index classement resultat web information
D486	information collection rappel web algorithme texte classement recherche utilisateur moteur requete resultat
D487	utilisateur document index precision pertinent information
D488	rappel texte index systeme inverse utilisateur terme document
D489	pertinent algorithme collection resultat web precision information document texte requete index
D490	indexation rappel resultat collection terme requete systeme web index classement
D491	terme inverse rappel index texte classement requete collection moteur indexation algorithme
D492	texte recherche information utilisateur algorithme requete document moteur classement systeme pertinent precision
D493	recherche requete rappel precision moteur information systeme inverse indexation document
D494	requete collection inverse rappel systeme texte moteur
D495	algorithme texte index document terme systeme
D496	indexation classement pertinent utilisateur information collection texte precision index algorithme recherche systeme
D497	web systeme pertinent inverse recherche terme texte resultat index classement
D498	precision information terme moteur rappel requete collection pertinent document
D499	texte resultat precision document inverse
D500	utilisateur texte moteur rappel terme information inverse systeme collection recherche requete
D501	requete document texte precision web rappel collection algorithme resultat inverse systeme
D502	classement texte index precision inverse pertinent information moteur
D503	terme algorithme document pertinent web index indexation classement precision texte systeme
D504	utilisateur indexation collection resultat moteur
D505	information inverse index collection moteur texte precision systeme resultat recherche pertinent document
D506	recherche terme pertinent utilisateur resultat inverse systeme indexation rappel
D507	index rappel precision requete classement utilisateur collection document
D508	texte algorithme precision information requete
D509	information utilisateur index requete systeme inverse terme
D510	document texte requete collection pertinent
D511	utilisateur texte inverse algorithme pertinent
D512	classement rappel document indexation index requete inverse resultat collection recherche
D513	inverse precision utilisateur terme classement
D514	indexation recherche collection rappel precision terme moteur pertinent requete web algorithme
D515	texte recherche rappel requete inverse document indexation index terme
D516	document texte precision inverse web pertinent utilisateur
D517	web utilisateur terme resultat moteur pertinent rappel
D518	algorithme rappel index moteur utilisateur collection resultat
D519	web moteur indexation terme document requete resultat
D520	indexation terme moteur recherche algorithme resultat
D521	web utilisateur resultat requete moteur texte pertinent information document collection recherche
D522	systeme algorithme inverse rappel precision terme recherche indexation information
D523	moteur precision classement collection indexation web index inverse texte document terme pertinent
D524	information web recherche requete algorithme pertinent collection terme
D525	index document indexation resultat classement collection rappel inverse
D526	web texte information algorithme terme index utilisateur collection
D527	precision pertinent resultat rappel information
D528	precision rappel texte information algorithme requete classement terme
D529	index utilisateur resultat texte algorithme
D530	resultat indexation web utilisateur information collection requete document inverse
D531	document precision pertinent indexation moteur index resultat algorithme inverse recherche systeme collection
D532	resultat document requete terme indexation collection systeme information
D533	pertinent resultat collection document texte rappel
D534	texte rappel systeme information indexation resultat classement
D535	indexation moteur systeme information web algorithme resultat
D536	utilisateur indexation pertinent moteur index recherche systeme texte precision resultat inverse web
D537	rappel recherche classement inverse index utilisateur terme precision texte systeme collection information
D538	inverse rappel requete index information
D539	moteur information collection algorithme systeme web recherche
D540	terme document information pertinent web algorithme resultat systeme moteur
D541	resultat algorithme collection information document texte moteur
D542	collection texte document web rappel moteur inverse classement information resultat
D543	precision web systeme index rappel utilisateur recherche information resultat terme
D544	classement utilisateur web terme requete systeme
D545	moteur algorithme classement precision rappel inverse texte document utilisateur pertinent
D546	index recherche pertinent algorithme resultat terme texte information collection
D547	systeme web algorithme information terme indexation requete texte
D548	recherche index utilisateur requete document moteur resultat precision
D549	recherche pertinent terme rappel texte collection utilisateur web systeme document
D550	terme systeme classement rappel information algorithme document inverse
D551	resultat rappel terme systeme web precision collection
D552	precision utilisateur terme recherche index
D553	collection document moteur requete recherche indexation index terme precision algorithme
D554	indexation pertinent utilisateur terme information moteur index classement inverse algorithme systeme
D555	utilisateur index precision systeme indexation information classement texte recherche pertinent resultat inverse
D556	classement precision moteur index terme
D557	precision utilisateur terme moteur pertinent web requete rappel document classement recherche inverse
D558	precision pertinent recherche utilisateur information terme web systeme classement indexation inverse
D559	pertinent precision utilisateur recherche rappel
D560	terme index algorithme utilisateur requete classement indexation texte
D561	pertinent requete moteur indexation algorithme information recherche utilisateur classement collection resultat systeme
D562	rappel terme requete moteur utilisateur classement pertinent document information precision
D563	rappel resultat information moteur recherche inverse terme classement systeme index
D564	document web texte indexation resultat
D565	utilisateur terme index document resultat systeme precision information collection inverse
D566	resultat utilisateur systeme classement inverse pertinent
D567	systeme requete collection texte indexation rappel terme
D568	terme resultat classement recherche document inverse information indexation algorithme collection
D569	utilisateur collection moteur precision pertinent index web
D570	terme rappel document utilisateur resultat index
D571	inverse systeme rappel indexation classement index information precision pertinent utilisateur resultat
D572	algorithme terme rappel inverse indexation systeme resultat information collection utilisateur precision
D573	algorithme resultat terme pertinent systeme document
D574	texte document pertinent systeme terme inverse classement web recherche
D575	index moteur recherche algorithme precision inverse
D576	texte algorithme resultat index precision terme indexation moteur utilisateur
D577	web collection document recherche texte systeme rappel moteur precision
D578	rappel information recherche collection pertinent web moteur systeme classement index
D579	terme texte algorithme rappel web requete pertinent systeme document inverse collection
D580	rappel texte collection web moteur classement precision terme
D581	moteur recherche document algorithme systeme collection inverse
D582	moteur document systeme web resultat classement texte collection utilisateur index precision
D583	resultat precision web systeme texte indexation pertinent
D584	web recherche classement inverse requete index rappel
D585	information systeme classement collection pertinent utilisateur inverse precision algorithme document
D586	resultat precision document algorithme rappel pertinent inverse terme collection
D587	rappel algorithme utilisateur information terme requete
D588	classement resultat precision systeme terme
D589	collection utilisateur algorithme indexation information systeme rappel resultat moteur web texte
D590	classement algorithme indexation information utilisateur
D591	utilisateur classement document moteur rappel
D592	requete moteur systeme rappel precision recherche collection information utilisateur
D593	algorithme moteur resultat collection indexation systeme texte
D594	classement indexation precision information terme rappel document utilisateur
D595	classement web texte inverse resultat collection terme
D596	index algorithme collection information requete texte web
D597	information indexation resultat texte classement moteur
D598	rappel inverse texte systeme classement moteur document requete index recherche resultat algorithme
D599	terme precision information pertinent collection web index utilisateur systeme moteur indexation
D600	requete pertinent systeme texte resultat precision terme collection algorithme
D601	precision terme indexation algorithme recherche systeme classement information
D602	web pertinent precision algorithme resultat
D603	inverse utilisateur requete index information recherche algorithme classement resultat web
D604	systeme pertinent algorithme document moteur index terme texte
D605	pertinent indexation requete utilisateur resultat terme information
D606	requete web terme systeme indexation texte information moteur recherche index rappel classement
D607	requete systeme indexation resultat document
D608	index texte indexation classement pertinent document requete algorithme systeme precision utilisateur information
D609	requete pertinent information document precision utilisateur collection moteur inverse recherche web classement
D610	information texte requete moteur terme
D611	algorithme recherche precision classement rappel index resultat collection information requete pertinent
D612	texte classement pertinent collection terme
D613	texte information document collection terme algorithme web inverse moteur
D614	indexation rappel information texte index moteur collection classement
D615	collection classement document resultat index rappel
D616	index recherche inverse classement texte
D617	rappel utilisateur classement resultat recherche systeme
D618	information terme systeme texte pertinent classement precision algorithme web requete
D619	rappel moteur inverse document information collection precision systeme terme recherche texte resultat
D620	moteur recherche indexation information utilisateur web texte precision
D621	systeme indexation document pertinent precision inverse utilisateur texte web classement information terme
D622	terme texte systeme pertinent moteur indexation web algorithme precision recherche utilisateur
D623	terme document pertinent requete moteur texte index
D624	collection rappel indexation resultat inverse precision utilisateur
D625	moteur pertinent texte indexation recherche
D626	document recherche algorithme indexation systeme collection terme utilisateur moteur index inverse classement
D627	moteur requete precision resultat web pertinent document utilisateur
D628	systeme indexation classement document utilisateur
D629	web recherche rappel inverse index information requete resultat utilisateur indexation
D630	resultat index requete information algorithme precision texte document
D631	classement indexation algorithme information precision terme rappel moteur pertinent index texte web
D632	information pertinent systeme indexation precision texte recherche inverse requete rappel terme algorithme
D633	algorithme systeme terme web index collection rappel indexation pertinent information texte resultat
D634	inverse web index texte systeme information
D635	algorithme classement information web moteur pertinent utilisateur inverse document index indexation collection
D636	index collection requete systeme terme document recherche algorithme utilisateur web moteur resultat
D637	resultat systeme web indexation terme pertinent
D638	systeme indexation algorithme inverse document index web requete precision
D639	algorithme classement resultat requete recherche collection index rappel
D640	inverse terme web systeme moteur resultat utilisateur recherche
D641	information systeme classement precision algorithme index requete resultat inverse rappel collection
D642	inverse document rappel recherche web pertinent algorithme indexation moteur resultat information precision
D643	utilisateur indexation resultat recherche rappel inverse texte document collection index web algorithme
D644	recherche document texte terme information moteur index rappel resultat utilisateur requete pertinent
D645	systeme terme information precision collection resultat
D646	pertinent texte collection resultat information
D647	collection indexation rappel document index precision algorithme pertinent requete information
D648	algorithme index inverse terme collection resultat moteur requete precision systeme web recherche
D649	collection systeme resultat classement pertinent inverse
D650	resultat collection document index systeme information classement precision rappel
D651	document pertinent indexation requete algorithme collection systeme inverse web
D652	precision recherche utilisateur web moteur inverse indexation index
D653	recherche utilisateur index document systeme web texte pertinent requete terme indexation rappel
D654	terme classement precision resultat rappel moteur utilisateur document algorithme texte
D655	inverse classement collection utilisateur information document indexation moteur systeme
D656	systeme indexation rappel utilisateur algorithme document web
D657	indexation inverse pertinent information terme utilisateur document
D658	requete collection indexation index information terme rappel web document texte inverse systeme
D659	rappel utilisateur pertinent recherche texte resultat inverse
D660	resultat terme moteur recherche algorithme classement collection
D661	classement utilisateur moteur resultat terme collection information precision inverse
D662	moteur rappel pertinent utilisateur recherche
D663	systeme inverse resultat collection document indexation recherche utilisateur terme pertinent texte
D664	requete index recherche document resultat terme classement information
D665	index classement terme precision information resultat rappel indexation systeme document collection
D666	texte collection recherche utilisateur algorithme indexation moteur inverse requete information
D667	resultat web systeme utilisateur indexation texte collection index
D668	moteur algorithme document systeme index precision inverse requete indexation information utilisateur
D669	document recherche web requete rappel systeme precision inverse collection utilisateur resultat
D670	indexation texte utilisateur classement information web resultat moteur
D671	classement rappel resultat inverse recherche texte systeme document moteur
D672	classement pertinent utilisateur web indexation inverse collection terme algorithme
D673	pertinent requete classement document collection
D674	algorithme web requete classement pertinent indexation rappel collection utilisateur recherche moteur document
D675	moteur terme resultat systeme collection
D676	information requete collection web rappel recherche moteur
D677	precision document systeme index indexation texte information utilisateur algorithme
D678	terme utilisateur requete collection pertinent rappel algorithme indexation document recherche
D679	precision utilisateur collection classement web indexation document
D680	index moteur precision inverse systeme texte
D681	web resultat document pertinent moteur algorithme
D682	classement collection utilisateur algorithme moteur
D683	systeme precision terme indexation utilisateur recherche collection information pertinent document rappel web
D684	moteur index systeme document web collection texte classement information
D685	recherche classement web information index precision
D686	precision algorithme information classement pertinent
D687	information document utilisateur recherche pertinent texte systeme rappel classement
D688	indexation collection recherche document moteur web algorithme classement
D689	collection indexation precision inverse document information web utilisateur recherche requete
D690	index utilisateur indexation recherche pertinent resultat classement requete
D691	collection algorithme indexation resultat pertinent document web rappel index systeme classement requete
D692	web pertinent terme algorithme resultat information requete document
D693	collection utilisateur rappel information document indexation inverse precision index moteur web terme
D694	inverse rappel web utilisateur algorithme pertinent classement information systeme terme indexation document
D695	classement pertinent texte resultat document
D696	moteur texte algorithme pertinent indexation information
D697	index terme systeme texte pertinent classement web rappel collection inverse
D698	algorithme systeme requete texte collection inverse terme utilisateur index
D699	precision requete moteur resultat pertinent information rappel inverse texte classement document recherche
D700	information document classement recherche indexation index
D701	moteur utilisateur pertinent document classement texte inverse rappel systeme terme
D702	classement precision requete terme recherche texte systeme index information resultat inverse indexation
D703	resultat systeme information rappel indexation requete terme texte moteur document inverse
D704	moteur utilisateur texte classement pertinent algorithme terme inverse web requete collection
D705	classement rappel indexation precision information index moteur inverse utilisateur resultat collection algorithme
D706	terme information recherche algorithme moteur web indexation resultat collection
D707	terme texte pertinent web collection
D708	web collection information inverse precision pertinent terme moteur utilisateur rappel
D709	utilisateur pertinent terme indexation recherche requete
D710	information resultat web precision rappel moteur recherche collection inverse utilisateur
D711	terme texte algorithme systeme pertinent
D712	pertinent index terme classement rappel document utilisateur moteur indexation algorithme systeme inverse
D713	rappel index utilisateur requete information moteur
D714	inverse document pertinent terme requete information utilisateur texte classement systeme index
D715	collection document utilisateur precision rappel index terme requete
D716	index web texte requete resultat terme rappel precision document recherche
D717	algorithme classement index resultat requete precision terme
D718	algorithme information precision index collection inverse document pertinent web terme moteur
D719	web terme document index systeme moteur classement resultat algorithme rappel texte
D720	texte inverse pertinent moteur index recherche rappel systeme
D721	resultat classement rappel web precision terme recherche pertinent document
D722	moteur recherche requete rappel indexation terme web algorithme collection
D723	recherche information document terme utilisateur web algorithme index indexation precision resultat texte
D724	inverse pertinent precision algorithme requete systeme information
D725	systeme pertinent terme rappel texte classement collection web
D726	web index moteur pertinent indexation precision rappel inverse
D727	requete algorithme information classement collection precision rappel indexation systeme index inverse
D728	requete moteur collection classement rappel web algorithme recherche
D729	information inverse requete texte utilisateur
D730	pertinent rappel inverse resultat texte recherche index moteur classement information
D731	utilisateur index indexation resultat terme precision texte web
D732	information requete document classement precision collection index indexation resultat web systeme
D733	requete precision document collection web utilisateur algorithme
D734	resultat recherche information indexation systeme texte terme document algorithme index
D735	utilisateur terme document pertinent indexation precision requete collection
D736	systeme web terme resultat classement algorithme collection
D737	requete indexation terme utilisateur index information classement
D738	indexation texte algorithme inverse recherche classement requete terme utilisateur rappel
D739	document resultat index requete indexation recherche rappel utilisateur
D740	systeme requete moteur document collection precision utilisateur information recherche algorithme index
D741	classement pertinent inverse index precision web resultat texte moteur collection rappel systeme
D742	web index algorithme utilisateur rappel classement document
D743	moteur recherche utilisateur requete inverse rappel classement pertinent indexation resultat web
D744	recherche classement moteur terme texte precision
D745	texte web requete document pertinent rappel recherche algorithme
D746	inverse classement collection information recherche moteur requete utilisateur index resultat
D747	collection moteur rappel information indexation algorithme document requete inverse classement systeme
D748	document terme precision web moteur classement information
D749	information moteur classement requete collection resultat index algorithme texte utilisateur
D750	precision terme web indexation algorithme collection inverse texte document
D751	information index moteur systeme inverse document recherche classement rappel resultat texte algorithme
D752	classement information resultat collection systeme inverse
D753	pertinent moteur systeme collection document rappel web algorithme classement precision requete texte
D754	algorithme recherche precision indexation web resultat information pertinent
D755	pertinent terme recherche utilisateur systeme index indexation precision information web document rappel
D756	resultat classement systeme requete recherche indexation
D757	systeme resultat terme moteur index
D758	utilisateur terme information document texte
D759	texte requete indexation inverse systeme information
D760	index indexation texte rappel utilisateur
D761	pertinent utilisateur classement web algorithme resultat terme
D762	collection pertinent systeme precision index inverse resultat
D763	classement requete web document rappel texte indexation utilisateur precision index terme
D764	information precision terme resultat inverse rappel
D765	classement precision algorithme document utilisateur inverse index
D766	classement utilisateur moteur rappel algorithme web
D767	precision web utilisateur information document resultat recherche requete
D768	precision web algorithme pertinent resultat terme
D769	collection requete document precision recherche information systeme terme inverse
D770	indexation texte information document web resultat collection
D771	terme algorithme resultat rappel requete indexation web texte document
D772	indexation document requete pertinent web rappel recherche classement
D773	pertinent recherche indexation classement resultat collection index terme precision utilisateur inverse
D774	systeme collection texte utilisateur document classement resultat recherche pertinent
D775	recherche index systeme algorithme classement terme
D776	inverse web rappel index document moteur texte
D777	moteur classement web recherche pertinent document resultat collection texte inverse terme utilisateur
D778	resultat algorithme inverse index utilisateur
D779	information terme recherche pertinent web index classement inverse collection utilisateur algorithme
D780	information classement texte algorithme precision pertinent collection recherche requete
D781	web algorithme terme document requete
D782	classement pertinent systeme collection resultat precision index recherche document moteur algorithme
D783	collection resultat inverse precision rappel utilisateur terme indexation algorithme web classement document
D784	texte web collection classement indexation utilisateur pertinent moteur rappel
D785	classement moteur indexation index rappel utilisateur
D786	pertinent web classement utilisateur inverse systeme requete recherche texte indexation moteur terme
D787	indexation precision information document terme index rappel
D788	pertinent rappel inverse classement requete indexation texte resultat
D789	rappel requete moteur precision pertinent
D790	resultat systeme pertinent rappel precision
D791	precision pertinent indexation algorithme index
D792	indexation utilisateur resultat precision classement collection web information document terme
D793	terme moteur pertinent index resultat precision texte web recherche rappel
D794	terme utilisateur precision indexation document moteur rappel collection index web pertinent classement
D795	inverse moteur web rappel precision resultat systeme requete terme indexation recherche
D796	moteur recherche precision document rappel indexation resultat index classement texte algorithme terme
D797	moteur algorithme information precision utilisateur
D798	texte rappel utilisateur terme collection recherche web moteur requete algorithme document
D799	resultat index rappel systeme collection precision texte web terme algorithme pertinent
D800	document information rappel terme texte collection resultat web systeme
D801	index document precision utilisateur terme texte classement algorithme recherche
D802	rappel algorithme requete inverse utilisateur
D803	precision pertinent information collection requete terme classement indexation rappel recherche systeme
D804	utilisateur algorithme recherche resultat terme pertinent texte collection systeme web requete precision
D805	utilisateur systeme moteur texte inverse information indexation requete algorithme pertinent
D806	resultat pertinent moteur web precision information systeme recherche index document
D807	index resultat document collection texte utilisateur requete web systeme moteur algorithme inverse
D808	resultat classement web indexation moteur requete document inverse collection texte rappel
D809	index resultat classement information indexation requete
D810	pertinent web systeme rappel collection utilisateur moteur recherche requete document
D811	collection utilisateur systeme algorithme precision inverse
D812	moteur systeme web information utilisateur
D813	index indexation classement recherche pertinent requete algorithme information precision
D814	classement algorithme utilisateur resultat terme texte index inverse collection rappel document
D815	precision resultat algorithme rappel moteur web collection
D816	document web texte inverse rappel indexation requete recherche terme precision
D817	document indexation recherche utilisateur pertinent terme requete information classement
D818	algorithme precision index classement recherche
D819	rappel indexation recherche requete index pertinent
D820	document rappel terme texte information inverse web recherche indexation index systeme algorithme
D821	precision terme texte requete document
D822	pertinent rappel indexation utilisateur moteur document
D823	document moteur utilisateur web indexation recherche rappel classement systeme
D824	information utilisateur texte pertinent terme
D825	web terme requete texte pertinent recherche classement
D826	systeme algorithme inverse classement texte information moteur recherche
D827	resultat rappel web document classement recherche index terme pertinent systeme
D828	rappel algorithme pertinent inverse moteur classement utilisateur index precision
D829	precision index moteur collection indexation texte
D830	rappel web systeme resultat information recherche algorithme inverse
D831	indexation recherche information classement requete utilisateur moteur terme index
D832	index algorithme precision utilisateur information document collection requete rappel classement
D833	document texte pertinent moteur requete resultat index rappel utilisateur
D834	terme requete resultat algorithme inverse systeme indexation web pertinent classement
D835	recherche moteur systeme classement rappel resultat precision terme document index
D836	texte rappel document algorithme recherche resultat web terme inverse systeme information indexation
D837	systeme collection texte indexation recherche information inverse precision pertinent web classement
D838	recherche requete collection index document web utilisateur terme
D839	inverse systeme classement collection information moteur algorithme precision texte
D840	recherche index texte pertinent requete utilisateur classement inverse
D841	rappel index indexation document moteur collection information
D842	requete algorithme inverse precision systeme pertinent web
D843	rappel requete systeme resultat recherche
D844	information terme web rappel requete systeme algorithme classement inverse collection indexation
D845	inverse information requete web resultat
D846	recherche texte index terme document resultat utilisateur algorithme systeme pertinent
D847	document inverse index indexation terme moteur information classement texte web recherche
D848	web recherche terme requete inverse information classement pertinent indexation algorithme collection precision
D849	document resultat pertinent algorithme rappel information recherche web
D850	terme document moteur information resultat recherche rappel utilisateur systeme index precision
D851	information rappel systeme utilisateur texte index
D852	systeme web inverse recherche resultat index
D853	web pertinent terme recherche resultat requete indexation utilisateur algorithme information rappel precision
D854	algorithme index moteur precision requete indexation
D855	classement resultat indexation inverse moteur texte recherche web document systeme utilisateur
D856	precision collection utilisateur moteur systeme inverse classement rappel indexation web algorithme
D857	precision algorithme moteur information inverse
D858	web collection index rappel precision
D859	terme index classement resultat systeme web
D860	systeme utilisateur web terme indexation information inverse texte recherche rappel
D861	recherche inverse algorithme resultat index pertinent rappel collection
D862	texte index systeme indexation recherche precision classement information resultat web
D863	moteur utilisateur resultat index collection recherche
D864	index systeme utilisateur indexation inverse
D865	indexation terme rappel inverse systeme pertinent recherche document moteur
D866	recherche moteur texte pertinent terme resultat
D867	utilisateur resultat inverse collection precision terme document requete
D868	document pertinent moteur rappel index algorithme requete classement collection indexation terme
D869	inverse information index utilisateur moteur indexation pertinent recherche terme classement document
D870	index document classement algorithme indexation requete systeme texte terme resultat rappel inverse
D871	indexation terme collection precision classement rappel inverse web moteur utilisateur index recherche
D872	inverse index resultat systeme texte pertinent moteur algorithme
D873	algorithme indexation collection requete document classement texte information moteur inverse precision
D874	inverse algorithme information resultat terme index systeme web precision collection
D875	classement terme requete texte recherche document inverse pertinent moteur algorithme
D876	collection document utilisateur precision algorithme texte
D877	inverse pertinent algorithme document collection recherche requete rappel indexation
D878	terme requete utilisateur algorithme index collection rappel document
D879	recherche utilisateur algorithme collection texte index web rappel terme
D880	classement precision moteur texte inverse
D881	index classement inverse precision resultat collection web rappel
D882	document terme index web precision pertinent inverse classement requete recherche
D883	moteur algorithme systeme utilisateur recherche inverse texte terme indexation collection
D884	web systeme texte utilisateur terme precision recherche resultat
D885	moteur systeme terme texte precision
D886	texte document rappel systeme index inverse information indexation
D887	utilisateur document indexation pertinent rappel recherche web collection systeme inverse resultat algorithme
D888	document texte utilisateur index inverse moteur terme requete
D889	resultat information collection precision recherche document
D890	web texte indexation pertinent moteur requete index inverse collection information
D891	index moteur systeme utilisateur web classement collection terme inverse document precision
D892	algorithme index precision resultat requete pertinent recherche document inverse
D893	texte inverse precision terme classement algorithme
D894	algorithme information document utilisateur resultat indexation collection web moteur index precision rappel
D895	inverse indexation web resultat texte precision terme document collection utilisateur information
D896	information inverse indexation requete utilisateur terme systeme collection texte pertinent algorithme
D897	rappel pertinent collection document algorithme requete texte web indexation index inverse
D898	requete index precision information resultat recherche rappel
D899	texte terme systeme index rappel recherche resultat moteur information document indexation inverse
D900	resultat document algorithme inverse systeme rappel precision moteur classement collection recherche information
D901	utilisateur pertinent rappel texte indexation information terme
D902	requete moteur resultat collection indexation
D903	information rappel index resultat systeme web terme texte
D904	texte utilisateur resultat information recherche classement
D905	index inverse collection algorithme systeme information recherche classement web rappel indexation
D906	document inverse pertinent indexation precision recherche index requete
D907	terme systeme rappel index precision resultat
D908	web pertinent inverse index algorithme indexation resultat document recherche precision systeme
D909	texte index resultat inverse document
D910	systeme collection information document index classement moteur texte utilisateur
D911	pertinent rappel indexation requete systeme utilisateur algorithme terme collection index document web
D912	terme classement document systeme recherche utilisateur resultat
D913	texte precision inverse algorithme recherche pertinent classement utilisateur information moteur resultat index
D914	systeme document information moteur collection inverse precision pertinent
D915	texte index information inverse resultat collection indexation
D916	requete terme information precision web algorithme classement
D917	recherche inverse terme rappel algorithme pertinent requete systeme precision
D918	inverse texte precision terme indexation systeme rappel recherche
D919	classement document index information moteur pertinent
D920	document indexation rappel index inverse requete information
D921	resultat utilisateur indexation index inverse precision document algorithme pertinent moteur terme
D922	index requete classement document collection systeme resultat precision inverse rappel web algorithme
D923	moteur classement recherche texte web algorithme information precision systeme utilisateur requete
D924	rappel indexation requete texte resultat moteur inverse
D925	texte rappel classement document terme precision collection inverse pertinent
D926	index recherche algorithme precision collection inverse systeme
D927	texte collection systeme classement utilisateur terme precision information index recherche rappel
D928	algorithme indexation index web requete texte resultat collection systeme classement inverse
D929	information texte web inverse precision classement recherche indexation terme collection
D930	moteur requete resultat systeme algorithme
D931	systeme algorithme indexation recherche pertinent texte information terme
D932	texte algorithme document precision index resultat classement rappel web moteur terme
D933	algorithme utilisateur web document pertinent terme systeme texte indexation precision moteur
D934	texte utilisateur recherche indexation classement rappel information web
D935	precision web utilisateur algorithme indexation document classement resultat collection texte pertinent
D936	indexation precision pertinent resultat index document rappel recherche collection algorithme web moteur
D937	resultat pertinent indexation document utilisateur information index systeme moteur texte rappel
D938	algorithme inverse classement rappel pertinent
D939	information requete recherche systeme pertinent
D940	precision recherche texte systeme requete resultat inverse web
D941	systeme web terme collection rappel indexation algorithme pertinent resultat classement
D942	texte information collection terme pertinent recherche inverse rappel index document resultat
D943	precision requete inverse collection resultat utilisateur
D944	precision web index recherche terme systeme classement indexation resultat texte inverse pertinent
D945	texte document collection web classement terme precision rappel information index moteur pertinent
D946	precision algorithme systeme information moteur inverse texte
D947	utilisateur rappel resultat indexation algorithme information
D948	rappel inverse algorithme index indexation texte terme collection information resultat precision recherche
D949	terme texte requete inverse rappel systeme precision
D950	moteur rappel classement document terme web
D951	algorithme document terme texte precision rappel resultat classement
D952	inverse systeme requete pertinent utilisateur information resultat web indexation classement precision
D953	algorithme collection moteur terme texte utilisateur
D954	utilisateur information rappel index texte
D955	terme collection moteur precision inverse information index recherche requete classement indexation
D956	utilisateur inverse classement resultat moteur systeme rappel
D957	information terme utilisateur precision pertinent moteur web
D958	index classement utilisateur texte information precision indexation document collection pertinent terme recherche
D959	classement texte utilisateur indexation recherche requete index
D960	web classement collection texte precision information requete rappel moteur algorithme
D961	rappel texte pertinent moteur terme algorithme resultat utilisateur
D962	utilisateur resultat indexation moteur algorithme
D963	utilisateur moteur index rappel precision collection terme recherche indexation systeme information document
D964	web indexation information pertinent collection inverse document recherche rappel requete algorithme
D965	moteur texte inverse information pertinent classement index rappel systeme utilisateur document
D966	document resultat texte requete algorithme indexation recherche information rappel collection terme
D967	precision inverse recherche classement requete collection resultat information utilisateur document index algorithme
D968	utilisateur algorithme moteur pertinent terme information collection texte requete document index
D969	texte rappel algorithme precision classement
D970	precision algorithme rappel pertinent index terme
D971	indexation systeme recherche resultat terme information
D972	moteur algorithme index indexation document
D973	information document pertinent precision utilisateur indexation requete algorithme index
D974	inverse utilisateur information precision algorithme
D975	moteur algorithme classement terme collection utilisateur requete web pertinent information recherche rappel
D976	index moteur utilisateur systeme algorithme
D977	algorithme collection requete moteur web information rappel precision
D978	texte indexation systeme resultat document moteur terme index collection
D979	rappel index document requete algorithme collection indexation
D980	web moteur terme systeme texte recherche utilisateur
D981	document requete pertinent rappel web information indexation terme
D982	collection terme requete moteur inverse precision
D983	pertinent texte inverse algorithme systeme
D984	indexation precision utilisateur classement pertinent requete
D985	algorithme utilisateur rappel requete pertinent resultat recherche document indexation index
D986	collection rappel algorithme texte classement utilisateur document
D987	recherche precision moteur rappel algorithme index utilisateur collection classement
D988	collection inverse web resultat indexation
D989	collection resultat precision utilisateur requete index classement systeme pertinent moteur information terme
D990	terme document algorithme rappel inverse information precision utilisateur recherche resultat moteur
D991	recherche web precision moteur classement inverse requete terme texte algorithme information index
D992	systeme index recherche web collection
D993	precision information resultat indexation inverse document algorithme systeme
D994	precision collection information web classement index document
D995	pertinent terme inverse systeme utilisateur moteur rappel resultat texte precision
D996	algorithme texte index utilisateur information
D997	systeme classement information collection recherche utilisateur inverse indexation moteur texte rappel algorithme
D998	indexation texte collection recherche pertinent index inverse classement information requete
D999	web pertinent classement recherche moteur texte terme
D1000	inverse classement texte collection utilisateur indexation index document requete
