D1	Information information REtrieval systems use inverted indexes for efficient search
D2	The vector space model represents documents and queries as vectors
D3	Boolean retrieval uses AND OR and NOT operators
D4	TF IDF measures the importance of terms in documents
D5	Search engines rank documents according to their relevance
D6	BM25 is a ranking function used in information retrieval
D7	Neural information retrieval uses deep learning models
D8	Vector databases support similarity search over embeddings
D9	Vector databases support similarity search over embeddings
D10	Search engines use inverted indexes to retrieve documents efficiently so search engines are envolving
D11	Inverted indexes map terms to the documents that contain them
D12	Tokenization splits text into individual words or terms
D13	Stemming reduces words to their root or base form
D14	Stop words are commonly removed during text preprocessing
D15	Query expansion adds related terms to improve search results
D16	Precision measures the proportion of retrieved documents that are relevant
D17	Recall measures the proportion of relevant documents that are retrieved
D18	PageRank is an algorithm originally developed for ranking web pages
D19	Learning to rank uses machine learning to improve document ordering
D20	Relevance feedback uses user judgments to refine search queries
